p_id,t_id,activity_id,date
1,1,1,01-15-23
2,2,2,02-20-23
3,3,3,03-25-23
4,4,4,04-30-23
5,5,5,05-15-23
6,1,6,06-20-23
7,2,7,07-25-23
8,3,8,08-30-23
9,4,9,09-05-23
10,5,10,10-10-23
11,1,11,11-15-23
12,2,12,12-20-23
13,3,13,01-25-24
14,4,14,02-28-24
15,5,15,03-30-24
16,1,16,04-30-24
17,2,17,05-30-24
18,3,18,06-30-24
19,4,19,07-30-24
20,5,20,08-30-24
21,1,21,09-30-24
22,2,22,10-30-24
23,3,23,11-30-24
24,4,24,12-30-24
25,5,25,01-30-25
26,1,26,02-28-25
27,2,27,03-30-25
28,3,28,04-30-25
29,4,29,05-30-25
30,5,30,06-30-25
